{
  "binary_f1": 0.8631578947368421,
  "binary_precision": 0.8367346938775511,
  "binary_recall": 0.8913043478260869,
  "binary_accuracy": 0.8869565217391304,
  "specificity": 0.8840579710144928,
  "roc_auc": 0.944234404536862,
  "pr_auc": 0.9286661895274426,
  "tp": 41,
  "fp": 8,
  "fn": 5,
  "tn": 61,
  "type_macro_f1": 0.844525455051771,
  "type_weighted_f1": 0.8757219795206065,
  "ece": 0.09775158260869565,
  "brier_score": 0.10008499457046954,
  "final_score": 0.8557049188628137,
  "n_samples": 115
}