{
  "mean": [
    0.7896633744239807,
    11.330724716186523,
    37.71865463256836,
    115.77267456054688,
    851.7306518554688,
    14.890820503234863
  ],
  "std": [
    1.2398258447647095,
    10.443490028381348,
    33.4734992980957,
    87.96283721923828,
    973.80322265625,
    10.70467472076416
  ]
}